500,11,0,10312014,235900,PR,2189.38,PAYROL,Payroll 10/01/2014-10/31/2014,PR                                               
500,11,0,10312014,235900,PR,2091.05,PAYROL,Payroll 10/01/2014-10/31/2014,PR                                               
500,11,0,10312014,235900,PR,2195.38,PAYROL,Payroll 10/01/2014-10/31/2014,PR                                               
500,11,0,10312014,235900,PR,2264.38,PAYROL,Payroll 10/01/2014-10/31/2014,PR                                               
500,11,0,10312014,235900,PR,1922,PAYROL,Payroll 10/01/2014-10/31/2014,PR                                               
500,13,0,10312014,235900,PR,3623.98,PAYROL,Payroll 10/01/2014-10/31/2014,PR                                               
500,13,0,10312014,235900,PR,3300.11,PAYROL,Payroll 10/01/2014-10/31/2014,PR                                               
500,13,0,10312014,235900,PR,3623.98,PAYROL,Payroll 10/01/2014-10/31/2014,PR                                               
500,13,0,10312014,235900,PR,3586.48,PAYROL,Payroll 10/01/2014-10/31/2014,PR                                               
500,13,0,10312014,235900,PR,3175.33,PAYROL,Payroll 10/01/2014-10/31/2014,PR                                               
500,22,0,10312014,235900,PR,22119.56,PAYROL,Payroll 10/01/2014-10/31/2014,PR                                               
500,22,0,10312014,235900,PR,22205.84,PAYROL,Payroll 10/01/2014-10/31/2014,PR                                               
500,22,0,10312014,235900,PR,21184.32,PAYROL,Payroll 10/01/2014-10/31/2014,PR                                               
500,22,0,10312014,235900,PR,20260.44,PAYROL,Payroll 10/01/2014-10/31/2014,PR                                               
500,22,0,10312014,235900,PR,20715.6,PAYROL,Payroll 10/01/2014-10/31/2014,PR                                               
500,25,0,10312014,235900,PR,8470.61,PAYROL,Payroll 10/01/2014-10/31/2014,PR                                               
500,25,0,10312014,235900,PR,6150.9,PAYROL,Payroll 10/01/2014-10/31/2014,PR                                               
500,25,0,10312014,235900,PR,6657.11,PAYROL,Payroll 10/01/2014-10/31/2014,PR                                               
500,25,0,10312014,235900,PR,6518.94,PAYROL,Payroll 10/01/2014-10/31/2014,PR                                               
500,25,0,10312014,235900,PR,5603.26,PAYROL,Payroll 10/01/2014-10/31/2014,PR                                               
500,28,0,10312014,235900,PR,11472.14,PAYROL,Payroll 10/01/2014-10/31/2014,PR                                               
500,28,0,10312014,235900,PR,14281.87,PAYROL,Payroll 10/01/2014-10/31/2014,PR                                               
500,28,0,10312014,235900,PR,14595.71,PAYROL,Payroll 10/01/2014-10/31/2014,PR                                               
500,28,0,10312014,235900,PR,15031.75,PAYROL,Payroll 10/01/2014-10/31/2014,PR                                               
500,28,0,10312014,235900,PR,14273.03,PAYROL,Payroll 10/01/2014-10/31/2014,PR                                               
500,37,0,10312014,235900,PR,36066.35,PAYROL,Payroll 10/01/2014-10/31/2014,PR                                               
500,37,0,10312014,235900,PR,34296.46,PAYROL,Payroll 10/01/2014-10/31/2014,PR                                               
500,37,0,10312014,235900,PR,35308.09,PAYROL,Payroll 10/01/2014-10/31/2014,PR                                               
500,37,0,10312014,235900,PR,36554.76,PAYROL,Payroll 10/01/2014-10/31/2014,PR                                               
500,37,0,10312014,235900,PR,34852.83,PAYROL,Payroll 10/01/2014-10/31/2014,PR                                               
500,125,0,10312014,235900,PR,7639.41,PAYROL,Payroll 10/01/2014-10/31/2014,PR                                               
500,125,0,10312014,235900,PR,7898.04,PAYROL,Payroll 10/01/2014-10/31/2014,PR                                               
500,125,0,10312014,235900,PR,8266.8,PAYROL,Payroll 10/01/2014-10/31/2014,PR                                               
500,125,0,10312014,235900,PR,8639.23,PAYROL,Payroll 10/01/2014-10/31/2014,PR                                               
500,125,0,10312014,235900,PR,7944.84,PAYROL,Payroll 10/01/2014-10/31/2014,PR                                               
500,128,0,10312014,235900,PR,2575.55,PAYROL,Payroll 10/01/2014-10/31/2014,PR                                               
500,128,0,10312014,235900,PR,2790.45,PAYROL,Payroll 10/01/2014-10/31/2014,PR                                               
500,128,0,10312014,235900,PR,3188.78,PAYROL,Payroll 10/01/2014-10/31/2014,PR                                               
500,128,0,10312014,235900,PR,3147.34,PAYROL,Payroll 10/01/2014-10/31/2014,PR                                               
500,128,0,10312014,235900,PR,3173.85,PAYROL,Payroll 10/01/2014-10/31/2014,PR                                               
500,137,0,10312014,235900,PR,5743.79,PAYROL,Payroll 10/01/2014-10/31/2014,PR                                               
500,137,0,10312014,235900,PR,4989.91,PAYROL,Payroll 10/01/2014-10/31/2014,PR                                               
500,137,0,10312014,235900,PR,6261.14,PAYROL,Payroll 10/01/2014-10/31/2014,PR                                               
500,137,0,10312014,235900,PR,7389.59,PAYROL,Payroll 10/01/2014-10/31/2014,PR                                               
500,137,0,10312014,235900,PR,7100.3,PAYROL,Payroll 10/01/2014-10/31/2014,PR                                               
500,211,0,10312014,235900,PR,391,PAYROL,Payroll 10/01/2014-10/31/2014,PR                                               
500,211,0,10312014,235900,PR,442,PAYROL,Payroll 10/01/2014-10/31/2014,PR                                               
500,211,0,10312014,235900,PR,442,PAYROL,Payroll 10/01/2014-10/31/2014,PR                                               
500,211,0,10312014,235900,PR,480.25,PAYROL,Payroll 10/01/2014-10/31/2014,PR                                               
500,211,0,10312014,235900,PR,378.25,PAYROL,Payroll 10/01/2014-10/31/2014,PR                                               
500,225,0,10312014,235900,PR,7482.34,PAYROL,Payroll 10/01/2014-10/31/2014,PR                                               
500,225,0,10312014,235900,PR,7398.62,PAYROL,Payroll 10/01/2014-10/31/2014,PR                                               
500,225,0,10312014,235900,PR,7606.26,PAYROL,Payroll 10/01/2014-10/31/2014,PR                                               
500,225,0,10312014,235900,PR,8445.07,PAYROL,Payroll 10/01/2014-10/31/2014,PR                                               
500,225,0,10312014,235900,PR,7520.92,PAYROL,Payroll 10/01/2014-10/31/2014,PR                                               
500,228,0,10312014,235900,PR,3900.2,PAYROL,Payroll 10/01/2014-10/31/2014,PR                                               
500,228,0,10312014,235900,PR,3934.25,PAYROL,Payroll 10/01/2014-10/31/2014,PR                                               
500,228,0,10312014,235900,PR,3367.4,PAYROL,Payroll 10/01/2014-10/31/2014,PR                                               
500,228,0,10312014,235900,PR,4284.5,PAYROL,Payroll 10/01/2014-10/31/2014,PR                                               
500,228,0,10312014,235900,PR,3663.8,PAYROL,Payroll 10/01/2014-10/31/2014,PR                                               
500,237,0,10312014,235900,PR,9475.72,PAYROL,Payroll 10/01/2014-10/31/2014,PR                                               
500,237,0,10312014,235900,PR,10517.79,PAYROL,Payroll 10/01/2014-10/31/2014,PR                                               
500,237,0,10312014,235900,PR,9872.19,PAYROL,Payroll 10/01/2014-10/31/2014,PR                                               
500,237,0,10312014,235900,PR,10620.69,PAYROL,Payroll 10/01/2014-10/31/2014,PR                                               
500,237,0,10312014,235900,PR,10017.54,PAYROL,Payroll 10/01/2014-10/31/2014,PR                                               
501,0,0,10312014,235900,PR,6219.9,PAYROL,Payroll 10/01/2014-10/31/2014,PR                                               
501,0,0,10312014,235900,PR,6068.07,PAYROL,Payroll 10/01/2014-10/31/2014,PR                                               
501,0,0,10312014,235900,PR,5893.83,PAYROL,Payroll 10/01/2014-10/31/2014,PR                                               
501,0,0,10312014,235900,PR,6286.82,PAYROL,Payroll 10/01/2014-10/31/2014,PR                                               
501,0,0,10312014,235900,PR,5767.83,PAYROL,Payroll 10/01/2014-10/31/2014,PR                                               
501,100,0,10312014,235900,PR,2195.9,PAYROL,Payroll 10/01/2014-10/31/2014,PR                                               
501,100,0,10312014,235900,PR,1216.13,PAYROL,Payroll 10/01/2014-10/31/2014,PR                                               
501,100,0,10312014,235900,PR,1758.24,PAYROL,Payroll 10/01/2014-10/31/2014,PR                                               
501,100,0,10312014,235900,PR,1993.87,PAYROL,Payroll 10/01/2014-10/31/2014,PR                                               
501,100,0,10312014,235900,PR,2094.96,PAYROL,Payroll 10/01/2014-10/31/2014,PR                                               
501,200,0,10312014,235900,PR,1709.69,PAYROL,Payroll 10/01/2014-10/31/2014,PR                                               
501,200,0,10312014,235900,PR,1500.66,PAYROL,Payroll 10/01/2014-10/31/2014,PR                                               
501,200,0,10312014,235900,PR,1626.4,PAYROL,Payroll 10/01/2014-10/31/2014,PR                                               
501,200,0,10312014,235900,PR,1767.21,PAYROL,Payroll 10/01/2014-10/31/2014,PR                                               
501,200,0,10312014,235900,PR,1645.71,PAYROL,Payroll 10/01/2014-10/31/2014,PR                                               
503,0,0,10312014,235900,PR,3803.99,PAYROL,Payroll 10/01/2014-10/31/2014,PR                                               
503,0,0,10312014,235900,PR,4018.09,PAYROL,Payroll 10/01/2014-10/31/2014,PR                                               
503,0,0,10312014,235900,PR,3977.97,PAYROL,Payroll 10/01/2014-10/31/2014,PR                                               
503,0,0,10312014,235900,PR,4070.31,PAYROL,Payroll 10/01/2014-10/31/2014,PR                                               
503,0,0,10312014,235900,PR,3953.53,PAYROL,Payroll 10/01/2014-10/31/2014,PR                                               
503,100,0,10312014,235900,PR,1614.41,PAYROL,Payroll 10/01/2014-10/31/2014,PR                                               
503,100,0,10312014,235900,PR,754,PAYROL,Payroll 10/01/2014-10/31/2014,PR                                               
503,100,0,10312014,235900,PR,1619.35,PAYROL,Payroll 10/01/2014-10/31/2014,PR                                               
503,100,0,10312014,235900,PR,1501.17,PAYROL,Payroll 10/01/2014-10/31/2014,PR                                               
503,100,0,10312014,235900,PR,1367.28,PAYROL,Payroll 10/01/2014-10/31/2014,PR                                               
503,200,0,10312014,235900,PR,1801.15,PAYROL,Payroll 10/01/2014-10/31/2014,PR                                               
503,200,0,10312014,235900,PR,1931.75,PAYROL,Payroll 10/01/2014-10/31/2014,PR                                               
503,200,0,10312014,235900,PR,1814.5,PAYROL,Payroll 10/01/2014-10/31/2014,PR                                               
503,200,0,10312014,235900,PR,1789.3,PAYROL,Payroll 10/01/2014-10/31/2014,PR                                               
503,200,0,10312014,235900,PR,1869.7,PAYROL,Payroll 10/01/2014-10/31/2014,PR                                               
505,0,0,10312014,235900,PR,7028.12,PAYROL,Payroll 10/01/2014-10/31/2014,PR                                               
505,0,0,10312014,235900,PR,6846.85,PAYROL,Payroll 10/01/2014-10/31/2014,PR                                               
505,0,0,10312014,235900,PR,7557.92,PAYROL,Payroll 10/01/2014-10/31/2014,PR                                               
505,0,0,10312014,235900,PR,7366.42,PAYROL,Payroll 10/01/2014-10/31/2014,PR                                               
505,0,0,10312014,235900,PR,7569.24,PAYROL,Payroll 10/01/2014-10/31/2014,PR                                               
505,100,0,10312014,235900,PR,2056.78,PAYROL,Payroll 10/01/2014-10/31/2014,PR                                               
505,100,0,10312014,235900,PR,1756.06,PAYROL,Payroll 10/01/2014-10/31/2014,PR                                               
505,100,0,10312014,235900,PR,1834,PAYROL,Payroll 10/01/2014-10/31/2014,PR                                               
505,100,0,10312014,235900,PR,1776.8,PAYROL,Payroll 10/01/2014-10/31/2014,PR                                               
505,100,0,10312014,235900,PR,2013.74,PAYROL,Payroll 10/01/2014-10/31/2014,PR                                               
505,200,0,10312014,235900,PR,2525.71,PAYROL,Payroll 10/01/2014-10/31/2014,PR                                               
505,200,0,10312014,235900,PR,2624.41,PAYROL,Payroll 10/01/2014-10/31/2014,PR                                               
505,200,0,10312014,235900,PR,2194.28,PAYROL,Payroll 10/01/2014-10/31/2014,PR                                               
505,200,0,10312014,235900,PR,2301.9,PAYROL,Payroll 10/01/2014-10/31/2014,PR                                               
505,200,0,10312014,235900,PR,2477.33,PAYROL,Payroll 10/01/2014-10/31/2014,PR                                               
509,0,0,10312014,235900,PR,1108.27,PAYROL,Payroll 10/01/2014-10/31/2014,PR                                               
509,0,0,10312014,235900,PR,1079.88,PAYROL,Payroll 10/01/2014-10/31/2014,PR                                               
509,0,0,10312014,235900,PR,1087.52,PAYROL,Payroll 10/01/2014-10/31/2014,PR                                               
509,0,0,10312014,235900,PR,1173.2,PAYROL,Payroll 10/01/2014-10/31/2014,PR                                               
509,0,0,10312014,235900,PR,996.91,PAYROL,Payroll 10/01/2014-10/31/2014,PR                                               
510,0,0,10312014,235900,PR,14882.83,PAYROL,Payroll 10/01/2014-10/31/2014,PR                                               
510,0,0,10312014,235900,PR,15546.99,PAYROL,Payroll 10/01/2014-10/31/2014,PR                                               
510,0,0,10312014,235900,PR,14162.12,PAYROL,Payroll 10/01/2014-10/31/2014,PR                                               
510,0,0,10312014,235900,PR,15512.83,PAYROL,Payroll 10/01/2014-10/31/2014,PR                                               
510,0,0,10312014,235900,PR,14516.17,PAYROL,Payroll 10/01/2014-10/31/2014,PR                                               
510,100,0,10312014,235900,PR,1206.99,PAYROL,Payroll 10/01/2014-10/31/2014,PR                                               
510,100,0,10312014,235900,PR,1070.7,PAYROL,Payroll 10/01/2014-10/31/2014,PR                                               
510,100,0,10312014,235900,PR,1073.8,PAYROL,Payroll 10/01/2014-10/31/2014,PR                                               
510,100,0,10312014,235900,PR,1333.99,PAYROL,Payroll 10/01/2014-10/31/2014,PR                                               
510,100,0,10312014,235900,PR,1138.85,PAYROL,Payroll 10/01/2014-10/31/2014,PR                                               
510,200,0,10312014,235900,PR,2310.58,PAYROL,Payroll 10/01/2014-10/31/2014,PR                                               
510,200,0,10312014,235900,PR,2361.76,PAYROL,Payroll 10/01/2014-10/31/2014,PR                                               
510,200,0,10312014,235900,PR,2131.44,PAYROL,Payroll 10/01/2014-10/31/2014,PR                                               
510,200,0,10312014,235900,PR,2470.44,PAYROL,Payroll 10/01/2014-10/31/2014,PR                                               
510,200,0,10312014,235900,PR,2451.88,PAYROL,Payroll 10/01/2014-10/31/2014,PR                                               
513,1,0,10312014,235900,PR,0015787.05-,PAYROL,Payroll 10/01/2014-10/31/2014,PR                                               
513,1,0,10312014,235900,PR,12811.32,PAYROL,Payroll 10/01/2014-10/31/2014,PR                                               
513,1,0,10312014,235900,PR,0015787.05-,PAYROL,Payroll 10/01/2014-10/31/2014,PR                                               
513,1,0,10312014,235900,PR,12811.32,PAYROL,Payroll 10/01/2014-10/31/2014,PR                                               
513,1,0,10312014,235900,PR,0015396.81-,PAYROL,Payroll 10/01/2014-10/31/2014,PR                                               
513,1,0,10312014,235900,PR,12615.21,PAYROL,Payroll 10/01/2014-10/31/2014,PR                                               
513,1,0,10312014,235900,PR,0015380.82-,PAYROL,Payroll 10/01/2014-10/31/2014,PR                                               
513,1,0,10312014,235900,PR,12615.21,PAYROL,Payroll 10/01/2014-10/31/2014,PR                                               
513,1,0,10312014,235900,PR,0015559.10-,PAYROL,Payroll 10/01/2014-10/31/2014,PR                                               
513,1,0,10312014,235900,PR,18540,PAYROL,Payroll 10/01/2014-10/31/2014,PR                                               
513,3,0,10312014,235900,PR,0000143.50-,PAYROL,Payroll 10/01/2014-10/31/2014,PR                                               
513,3,0,10312014,235900,PR,0000143.50-,PAYROL,Payroll 10/01/2014-10/31/2014,PR                                               
513,3,0,10312014,235900,PR,0000143.50-,PAYROL,Payroll 10/01/2014-10/31/2014,PR                                               
513,3,0,10312014,235900,PR,0000143.50-,PAYROL,Payroll 10/01/2014-10/31/2014,PR                                               
513,3,0,10312014,235900,PR,0000143.50-,PAYROL,Payroll 10/01/2014-10/31/2014,PR                                               
513,101,0,10312014,235900,PR,0003388.90-,PAYROL,Payroll 10/01/2014-10/31/2014,PR                                               
513,101,0,10312014,235900,PR,2632.28,PAYROL,Payroll 10/01/2014-10/31/2014,PR                                               
513,101,0,10312014,235900,PR,0003287.02-,PAYROL,Payroll 10/01/2014-10/31/2014,PR                                               
513,101,0,10312014,235900,PR,2560.96,PAYROL,Payroll 10/01/2014-10/31/2014,PR                                               
513,101,0,10312014,235900,PR,0003287.02-,PAYROL,Payroll 10/01/2014-10/31/2014,PR                                               
513,101,0,10312014,235900,PR,2560.96,PAYROL,Payroll 10/01/2014-10/31/2014,PR                                               
513,101,0,10312014,235900,PR,0003287.02-,PAYROL,Payroll 10/01/2014-10/31/2014,PR                                               
513,101,0,10312014,235900,PR,2560.96,PAYROL,Payroll 10/01/2014-10/31/2014,PR                                               
513,101,0,10312014,235900,PR,0003287.02-,PAYROL,Payroll 10/01/2014-10/31/2014,PR                                               
513,101,0,10312014,235900,PR,3760.96,PAYROL,Payroll 10/01/2014-10/31/2014,PR                                               
513,103,0,10312014,235900,PR,0000037.50-,PAYROL,Payroll 10/01/2014-10/31/2014,PR                                               
513,103,0,10312014,235900,PR,0000037.50-,PAYROL,Payroll 10/01/2014-10/31/2014,PR                                               
513,103,0,10312014,235900,PR,0000037.50-,PAYROL,Payroll 10/01/2014-10/31/2014,PR                                               
513,103,0,10312014,235900,PR,0000037.50-,PAYROL,Payroll 10/01/2014-10/31/2014,PR                                               
513,103,0,10312014,235900,PR,0000037.50-,PAYROL,Payroll 10/01/2014-10/31/2014,PR                                               
513,201,0,10312014,235900,PR,0004687.21-,PAYROL,Payroll 10/01/2014-10/31/2014,PR                                               
513,201,0,10312014,235900,PR,3933.28,PAYROL,Payroll 10/01/2014-10/31/2014,PR                                               
513,201,0,10312014,235900,PR,0004687.21-,PAYROL,Payroll 10/01/2014-10/31/2014,PR                                               
513,201,0,10312014,235900,PR,3933.28,PAYROL,Payroll 10/01/2014-10/31/2014,PR                                               
513,201,0,10312014,235900,PR,0004687.21-,PAYROL,Payroll 10/01/2014-10/31/2014,PR                                               
513,201,0,10312014,235900,PR,3933.28,PAYROL,Payroll 10/01/2014-10/31/2014,PR                                               
513,201,0,10312014,235900,PR,0004687.21-,PAYROL,Payroll 10/01/2014-10/31/2014,PR                                               
513,201,0,10312014,235900,PR,3933.28,PAYROL,Payroll 10/01/2014-10/31/2014,PR                                               
513,201,0,10312014,235900,PR,0004907.27-,PAYROL,Payroll 10/01/2014-10/31/2014,PR                                               
513,201,0,10312014,235900,PR,6531.34,PAYROL,Payroll 10/01/2014-10/31/2014,PR                                               
513,203,0,10312014,235900,PR,0000046.00-,PAYROL,Payroll 10/01/2014-10/31/2014,PR                                               
513,203,0,10312014,235900,PR,0000046.00-,PAYROL,Payroll 10/01/2014-10/31/2014,PR                                               
513,203,0,10312014,235900,PR,0000046.00-,PAYROL,Payroll 10/01/2014-10/31/2014,PR                                               
513,203,0,10312014,235900,PR,0000046.00-,PAYROL,Payroll 10/01/2014-10/31/2014,PR                                               
513,203,0,10312014,235900,PR,0000046.00-,PAYROL,Payroll 10/01/2014-10/31/2014,PR                                               
515,0,0,10312014,235900,PR,2436.02,PAYROL,Payroll 10/01/2014-10/31/2014,PR                                               
515,0,0,10312014,235900,PR,2425.27,PAYROL,Payroll 10/01/2014-10/31/2014,PR                                               
515,0,0,10312014,235900,PR,2366.31,PAYROL,Payroll 10/01/2014-10/31/2014,PR                                               
515,0,0,10312014,235900,PR,2486.69,PAYROL,Payroll 10/01/2014-10/31/2014,PR                                               
515,0,0,10312014,235900,PR,2488.09,PAYROL,Payroll 10/01/2014-10/31/2014,PR                                               
515,11,0,10312014,235900,PR,161.87,PAYROL,Payroll 10/01/2014-10/31/2014,PR                                               
515,11,0,10312014,235900,PR,150.56,PAYROL,Payroll 10/01/2014-10/31/2014,PR                                               
515,11,0,10312014,235900,PR,158.66,PAYROL,Payroll 10/01/2014-10/31/2014,PR                                               
515,11,0,10312014,235900,PR,163.94,PAYROL,Payroll 10/01/2014-10/31/2014,PR                                               
515,11,0,10312014,235900,PR,136.99,PAYROL,Payroll 10/01/2014-10/31/2014,PR                                               
515,13,0,10312014,235900,PR,272.63,PAYROL,Payroll 10/01/2014-10/31/2014,PR                                               
515,13,0,10312014,235900,PR,252.86,PAYROL,Payroll 10/01/2014-10/31/2014,PR                                               
515,13,0,10312014,235900,PR,272.63,PAYROL,Payroll 10/01/2014-10/31/2014,PR                                               
515,13,0,10312014,235900,PR,269.76,PAYROL,Payroll 10/01/2014-10/31/2014,PR                                               
515,13,0,10312014,235900,PR,252.69,PAYROL,Payroll 10/01/2014-10/31/2014,PR                                               
515,22,0,10312014,235900,PR,1663.24,PAYROL,Payroll 10/01/2014-10/31/2014,PR                                               
515,22,0,10312014,235900,PR,1658.41,PAYROL,Payroll 10/01/2014-10/31/2014,PR                                               
515,22,0,10312014,235900,PR,1566.24,PAYROL,Payroll 10/01/2014-10/31/2014,PR                                               
515,22,0,10312014,235900,PR,1576.24,PAYROL,Payroll 10/01/2014-10/31/2014,PR                                               
515,22,0,10312014,235900,PR,1737.81,PAYROL,Payroll 10/01/2014-10/31/2014,PR                                               
515,25,0,10312014,235900,PR,626.89,PAYROL,Payroll 10/01/2014-10/31/2014,PR                                               
515,25,0,10312014,235900,PR,471.89,PAYROL,Payroll 10/01/2014-10/31/2014,PR                                               
515,25,0,10312014,235900,PR,487.53,PAYROL,Payroll 10/01/2014-10/31/2014,PR                                               
515,25,0,10312014,235900,PR,477.21,PAYROL,Payroll 10/01/2014-10/31/2014,PR                                               
515,25,0,10312014,235900,PR,436.43,PAYROL,Payroll 10/01/2014-10/31/2014,PR                                               
515,28,0,10312014,235900,PR,924.45,PAYROL,Payroll 10/01/2014-10/31/2014,PR                                               
515,28,0,10312014,235900,PR,1117.62,PAYROL,Payroll 10/01/2014-10/31/2014,PR                                               
515,28,0,10312014,235900,PR,1095.32,PAYROL,Payroll 10/01/2014-10/31/2014,PR                                               
515,28,0,10312014,235900,PR,1147.93,PAYROL,Payroll 10/01/2014-10/31/2014,PR                                               
515,28,0,10312014,235900,PR,1172,PAYROL,Payroll 10/01/2014-10/31/2014,PR                                               
515,37,0,10312014,235900,PR,2728.63,PAYROL,Payroll 10/01/2014-10/31/2014,PR                                               
515,37,0,10312014,235900,PR,2674.39,PAYROL,Payroll 10/01/2014-10/31/2014,PR                                               
515,37,0,10312014,235900,PR,2661.92,PAYROL,Payroll 10/01/2014-10/31/2014,PR                                               
515,37,0,10312014,235900,PR,2764.31,PAYROL,Payroll 10/01/2014-10/31/2014,PR                                               
515,37,0,10312014,235900,PR,2632.59,PAYROL,Payroll 10/01/2014-10/31/2014,PR                                               
515,100,0,10312014,235900,PR,528.17,PAYROL,Payroll 10/01/2014-10/31/2014,PR                                               
515,100,0,10312014,235900,PR,407.12,PAYROL,Payroll 10/01/2014-10/31/2014,PR                                               
515,100,0,10312014,235900,PR,470.49,PAYROL,Payroll 10/01/2014-10/31/2014,PR                                               
515,100,0,10312014,235900,PR,503.89,PAYROL,Payroll 10/01/2014-10/31/2014,PR                                               
515,100,0,10312014,235900,PR,541.58,PAYROL,Payroll 10/01/2014-10/31/2014,PR                                               
515,125,0,10312014,235900,PR,547.51,PAYROL,Payroll 10/01/2014-10/31/2014,PR                                               
515,125,0,10312014,235900,PR,567.29,PAYROL,Payroll 10/01/2014-10/31/2014,PR                                               
515,125,0,10312014,235900,PR,606.57,PAYROL,Payroll 10/01/2014-10/31/2014,PR                                               
515,125,0,10312014,235900,PR,641.64,PAYROL,Payroll 10/01/2014-10/31/2014,PR                                               
515,125,0,10312014,235900,PR,591.56,PAYROL,Payroll 10/01/2014-10/31/2014,PR                                               
515,128,0,10312014,235900,PR,200.37,PAYROL,Payroll 10/01/2014-10/31/2014,PR                                               
515,128,0,10312014,235900,PR,209.07,PAYROL,Payroll 10/01/2014-10/31/2014,PR                                               
515,128,0,10312014,235900,PR,239.56,PAYROL,Payroll 10/01/2014-10/31/2014,PR                                               
515,128,0,10312014,235900,PR,236.38,PAYROL,Payroll 10/01/2014-10/31/2014,PR                                               
515,128,0,10312014,235900,PR,269.01,PAYROL,Payroll 10/01/2014-10/31/2014,PR                                               
515,137,0,10312014,235900,PR,430.91,PAYROL,Payroll 10/01/2014-10/31/2014,PR                                               
515,137,0,10312014,235900,PR,370.84,PAYROL,Payroll 10/01/2014-10/31/2014,PR                                               
515,137,0,10312014,235900,PR,455.88,PAYROL,Payroll 10/01/2014-10/31/2014,PR                                               
515,137,0,10312014,235900,PR,542.2,PAYROL,Payroll 10/01/2014-10/31/2014,PR                                               
515,137,0,10312014,235900,PR,520.08,PAYROL,Payroll 10/01/2014-10/31/2014,PR                                               
515,200,0,10312014,235900,PR,622.14,PAYROL,Payroll 10/01/2014-10/31/2014,PR                                               
515,200,0,10312014,235900,PR,637.39,PAYROL,Payroll 10/01/2014-10/31/2014,PR                                               
515,200,0,10312014,235900,PR,577.71,PAYROL,Payroll 10/01/2014-10/31/2014,PR                                               
515,200,0,10312014,235900,PR,620.74,PAYROL,Payroll 10/01/2014-10/31/2014,PR                                               
515,200,0,10312014,235900,PR,675.47,PAYROL,Payroll 10/01/2014-10/31/2014,PR                                               
515,211,0,10312014,235900,PR,22.74,PAYROL,Payroll 10/01/2014-10/31/2014,PR                                               
515,211,0,10312014,235900,PR,26.64,PAYROL,Payroll 10/01/2014-10/31/2014,PR                                               
515,211,0,10312014,235900,PR,26.64,PAYROL,Payroll 10/01/2014-10/31/2014,PR                                               
515,211,0,10312014,235900,PR,29.56,PAYROL,Payroll 10/01/2014-10/31/2014,PR                                               
515,211,0,10312014,235900,PR,21.75,PAYROL,Payroll 10/01/2014-10/31/2014,PR                                               
515,225,0,10312014,235900,PR,552.2,PAYROL,Payroll 10/01/2014-10/31/2014,PR                                               
515,225,0,10312014,235900,PR,552.52,PAYROL,Payroll 10/01/2014-10/31/2014,PR                                               
515,225,0,10312014,235900,PR,561.7,PAYROL,Payroll 10/01/2014-10/31/2014,PR                                               
515,225,0,10312014,235900,PR,634.55,PAYROL,Payroll 10/01/2014-10/31/2014,PR                                               
515,225,0,10312014,235900,PR,636.71,PAYROL,Payroll 10/01/2014-10/31/2014,PR                                               
515,228,0,10312014,235900,PR,299.18,PAYROL,Payroll 10/01/2014-10/31/2014,PR                                               
515,228,0,10312014,235900,PR,301.75,PAYROL,Payroll 10/01/2014-10/31/2014,PR                                               
515,228,0,10312014,235900,PR,263.9,PAYROL,Payroll 10/01/2014-10/31/2014,PR                                               
515,228,0,10312014,235900,PR,328.54,PAYROL,Payroll 10/01/2014-10/31/2014,PR                                               
515,228,0,10312014,235900,PR,336.75,PAYROL,Payroll 10/01/2014-10/31/2014,PR                                               
515,237,0,10312014,235900,PR,687.1,PAYROL,Payroll 10/01/2014-10/31/2014,PR                                               
515,237,0,10312014,235900,PR,766.83,PAYROL,Payroll 10/01/2014-10/31/2014,PR                                               
515,237,0,10312014,235900,PR,724.18,PAYROL,Payroll 10/01/2014-10/31/2014,PR                                               
515,237,0,10312014,235900,PR,774.69,PAYROL,Payroll 10/01/2014-10/31/2014,PR                                               
515,237,0,10312014,235900,PR,728.52,PAYROL,Payroll 10/01/2014-10/31/2014,PR                                               
516,0,0,10312014,235900,PR,5.64,PAYROL,Payroll 10/01/2014-10/31/2014,PR                                               
516,0,0,10312014,235900,PR,7.48,PAYROL,Payroll 10/01/2014-10/31/2014,PR                                               
516,0,0,10312014,235900,PR,1.82,PAYROL,Payroll 10/01/2014-10/31/2014,PR                                               
516,22,0,10312014,235900,PR,19.49,PAYROL,Payroll 10/01/2014-10/31/2014,PR                                               
516,22,0,10312014,235900,PR,19.17,PAYROL,Payroll 10/01/2014-10/31/2014,PR                                               
516,22,0,10312014,235900,PR,16.23,PAYROL,Payroll 10/01/2014-10/31/2014,PR                                               
516,22,0,10312014,235900,PR,13.31,PAYROL,Payroll 10/01/2014-10/31/2014,PR                                               
516,22,0,10312014,235900,PR,6.28,PAYROL,Payroll 10/01/2014-10/31/2014,PR                                               
516,25,0,10312014,235900,PR,25.58,PAYROL,Payroll 10/01/2014-10/31/2014,PR                                               
516,25,0,10312014,235900,PR,18.46,PAYROL,Payroll 10/01/2014-10/31/2014,PR                                               
516,25,0,10312014,235900,PR,23.49,PAYROL,Payroll 10/01/2014-10/31/2014,PR                                               
516,25,0,10312014,235900,PR,21.39,PAYROL,Payroll 10/01/2014-10/31/2014,PR                                               
516,25,0,10312014,235900,PR,13.95,PAYROL,Payroll 10/01/2014-10/31/2014,PR                                               
516,28,0,10312014,235900,PR,15.53,PAYROL,Payroll 10/01/2014-10/31/2014,PR                                               
516,28,0,10312014,235900,PR,30.69,PAYROL,Payroll 10/01/2014-10/31/2014,PR                                               
516,28,0,10312014,235900,PR,28.05,PAYROL,Payroll 10/01/2014-10/31/2014,PR                                               
516,28,0,10312014,235900,PR,39.28,PAYROL,Payroll 10/01/2014-10/31/2014,PR                                               
516,28,0,10312014,235900,PR,36.06,PAYROL,Payroll 10/01/2014-10/31/2014,PR                                               
516,100,0,10312014,235900,PR,8.97,PAYROL,Payroll 10/01/2014-10/31/2014,PR                                               
516,100,0,10312014,235900,PR,8.45,PAYROL,Payroll 10/01/2014-10/31/2014,PR                                               
516,100,0,10312014,235900,PR,11.04,PAYROL,Payroll 10/01/2014-10/31/2014,PR                                               
516,128,0,10312014,235900,PR,10.08,PAYROL,Payroll 10/01/2014-10/31/2014,PR                                               
516,128,0,10312014,235900,PR,7.58,PAYROL,Payroll 10/01/2014-10/31/2014,PR                                               
516,128,0,10312014,235900,PR,9.96,PAYROL,Payroll 10/01/2014-10/31/2014,PR                                               
516,128,0,10312014,235900,PR,9.37,PAYROL,Payroll 10/01/2014-10/31/2014,PR                                               
516,128,0,10312014,235900,PR,8.65,PAYROL,Payroll 10/01/2014-10/31/2014,PR                                               
516,200,0,10312014,235900,PR,7.79,PAYROL,Payroll 10/01/2014-10/31/2014,PR                                               
516,200,0,10312014,235900,PR,7.6,PAYROL,Payroll 10/01/2014-10/31/2014,PR                                               
516,200,0,10312014,235900,PR,6.58,PAYROL,Payroll 10/01/2014-10/31/2014,PR                                               
516,200,0,10312014,235900,PR,7.46,PAYROL,Payroll 10/01/2014-10/31/2014,PR                                               
516,200,0,10312014,235900,PR,6.79,PAYROL,Payroll 10/01/2014-10/31/2014,PR                                               
516,225,0,10312014,235900,PR,22.88,PAYROL,Payroll 10/01/2014-10/31/2014,PR                                               
516,225,0,10312014,235900,PR,16.93,PAYROL,Payroll 10/01/2014-10/31/2014,PR                                               
516,225,0,10312014,235900,PR,24.6,PAYROL,Payroll 10/01/2014-10/31/2014,PR                                               
516,225,0,10312014,235900,PR,26.35,PAYROL,Payroll 10/01/2014-10/31/2014,PR                                               
516,225,0,10312014,235900,PR,19.78,PAYROL,Payroll 10/01/2014-10/31/2014,PR                                               
517,0,0,10312014,235900,PR,6.01,PAYROL,Payroll 10/01/2014-10/31/2014,PR                                               
517,0,0,10312014,235900,PR,7.98,PAYROL,Payroll 10/01/2014-10/31/2014,PR                                               
517,0,0,10312014,235900,PR,7.76,PAYROL,Payroll 10/01/2014-10/31/2014,PR                                               
517,0,0,10312014,235900,PR,10.04,PAYROL,Payroll 10/01/2014-10/31/2014,PR                                               
517,0,0,10312014,235900,PR,8.11,PAYROL,Payroll 10/01/2014-10/31/2014,PR                                               
517,22,0,10312014,235900,PR,20.8,PAYROL,Payroll 10/01/2014-10/31/2014,PR                                               
517,22,0,10312014,235900,PR,20.45,PAYROL,Payroll 10/01/2014-10/31/2014,PR                                               
517,22,0,10312014,235900,PR,17.31,PAYROL,Payroll 10/01/2014-10/31/2014,PR                                               
517,22,0,10312014,235900,PR,15.39,PAYROL,Payroll 10/01/2014-10/31/2014,PR                                               
517,22,0,10312014,235900,PR,18.68,PAYROL,Payroll 10/01/2014-10/31/2014,PR                                               
517,25,0,10312014,235900,PR,27.28,PAYROL,Payroll 10/01/2014-10/31/2014,PR                                               
517,25,0,10312014,235900,PR,19.69,PAYROL,Payroll 10/01/2014-10/31/2014,PR                                               
517,25,0,10312014,235900,PR,25.04,PAYROL,Payroll 10/01/2014-10/31/2014,PR                                               
517,25,0,10312014,235900,PR,22.82,PAYROL,Payroll 10/01/2014-10/31/2014,PR                                               
517,25,0,10312014,235900,PR,14.88,PAYROL,Payroll 10/01/2014-10/31/2014,PR                                               
517,28,0,10312014,235900,PR,20.5,PAYROL,Payroll 10/01/2014-10/31/2014,PR                                               
517,28,0,10312014,235900,PR,41.05,PAYROL,Payroll 10/01/2014-10/31/2014,PR                                               
517,28,0,10312014,235900,PR,37.55,PAYROL,Payroll 10/01/2014-10/31/2014,PR                                               
517,28,0,10312014,235900,PR,45.21,PAYROL,Payroll 10/01/2014-10/31/2014,PR                                               
517,28,0,10312014,235900,PR,42.63,PAYROL,Payroll 10/01/2014-10/31/2014,PR                                               
517,100,0,10312014,235900,PR,9.57,PAYROL,Payroll 10/01/2014-10/31/2014,PR                                               
517,100,0,10312014,235900,PR,9.02,PAYROL,Payroll 10/01/2014-10/31/2014,PR                                               
517,100,0,10312014,235900,PR,11.78,PAYROL,Payroll 10/01/2014-10/31/2014,PR                                               
517,128,0,10312014,235900,PR,10.75,PAYROL,Payroll 10/01/2014-10/31/2014,PR                                               
517,128,0,10312014,235900,PR,8.08,PAYROL,Payroll 10/01/2014-10/31/2014,PR                                               
517,128,0,10312014,235900,PR,10.63,PAYROL,Payroll 10/01/2014-10/31/2014,PR                                               
517,128,0,10312014,235900,PR,10,PAYROL,Payroll 10/01/2014-10/31/2014,PR                                               
517,128,0,10312014,235900,PR,10.75,PAYROL,Payroll 10/01/2014-10/31/2014,PR                                               
517,200,0,10312014,235900,PR,10.13,PAYROL,Payroll 10/01/2014-10/31/2014,PR                                               
517,200,0,10312014,235900,PR,9.89,PAYROL,Payroll 10/01/2014-10/31/2014,PR                                               
517,200,0,10312014,235900,PR,8.56,PAYROL,Payroll 10/01/2014-10/31/2014,PR                                               
517,200,0,10312014,235900,PR,9.69,PAYROL,Payroll 10/01/2014-10/31/2014,PR                                               
517,200,0,10312014,235900,PR,8.82,PAYROL,Payroll 10/01/2014-10/31/2014,PR                                               
517,225,0,10312014,235900,PR,29.75,PAYROL,Payroll 10/01/2014-10/31/2014,PR                                               
517,225,0,10312014,235900,PR,22.01,PAYROL,Payroll 10/01/2014-10/31/2014,PR                                               
517,225,0,10312014,235900,PR,31.99,PAYROL,Payroll 10/01/2014-10/31/2014,PR                                               
517,225,0,10312014,235900,PR,34.25,PAYROL,Payroll 10/01/2014-10/31/2014,PR                                               
517,225,0,10312014,235900,PR,35.49,PAYROL,Payroll 10/01/2014-10/31/2014,PR                                               
1201,0,0,10312014,235900,PR,0000078.00-,PAYROL,Payroll 10/01/2014-10/31/2014,PR                                               
1201,0,0,10312014,235900,PR,0000078.00-,PAYROL,Payroll 10/01/2014-10/31/2014,PR                                               
1201,0,0,10312014,235900,PR,0000120.35-,PAYROL,Payroll 10/01/2014-10/31/2014,PR                                               
1201,0,0,10312014,235900,PR,0000120.34-,PAYROL,Payroll 10/01/2014-10/31/2014,PR                                               
1201,0,0,10312014,235900,PR,0000267.61-,PAYROL,Payroll 10/01/2014-10/31/2014,PR                                               
1201,1,0,10312014,235900,PR,0000125.99-,PAYROL,Payroll 10/01/2014-10/31/2014,PR                                               
1201,1,0,10312014,235900,PR,0000120.88-,PAYROL,Payroll 10/01/2014-10/31/2014,PR                                               
1201,1,0,10312014,235900,PR,0000116.87-,PAYROL,Payroll 10/01/2014-10/31/2014,PR                                               
1201,1,0,10312014,235900,PR,0000114.31-,PAYROL,Payroll 10/01/2014-10/31/2014,PR                                               
1201,1,0,10312014,235900,PR,0000210.71-,PAYROL,Payroll 10/01/2014-10/31/2014,PR                                               
1201,2,0,10312014,235900,PR,0000700.17-,PAYROL,Payroll 10/01/2014-10/31/2014,PR                                               
1201,2,0,10312014,235900,PR,0000700.17-,PAYROL,Payroll 10/01/2014-10/31/2014,PR                                               
1201,2,0,10312014,235900,PR,0000700.17-,PAYROL,Payroll 10/01/2014-10/31/2014,PR                                               
1201,2,0,10312014,235900,PR,0000700.17-,PAYROL,Payroll 10/01/2014-10/31/2014,PR                                               
1201,2,0,10312014,235900,PR,0000700.17-,PAYROL,Payroll 10/01/2014-10/31/2014,PR                                               
1202,0,0,10312014,235900,PR,0002069.92-,PAYROL,Payroll 10/01/2014-10/31/2014,PR                                               
1202,0,0,10312014,235900,PR,0002049.48-,PAYROL,Payroll 10/01/2014-10/31/2014,PR                                               
1202,0,0,10312014,235900,PR,0002049.48-,PAYROL,Payroll 10/01/2014-10/31/2014,PR                                               
1202,0,0,10312014,235900,PR,0001978.86-,PAYROL,Payroll 10/01/2014-10/31/2014,PR                                               
1202,0,0,10312014,235900,PR,0001978.86-,PAYROL,Payroll 10/01/2014-10/31/2014,PR                                               
1202,2,0,10312014,235900,PR,0001027.89-,PAYROL,Payroll 10/01/2014-10/31/2014,PR                                               
1202,2,0,10312014,235900,PR,0001023.70-,PAYROL,Payroll 10/01/2014-10/31/2014,PR                                               
1202,2,0,10312014,235900,PR,0001032.08-,PAYROL,Payroll 10/01/2014-10/31/2014,PR                                               
1202,2,0,10312014,235900,PR,0001019.51-,PAYROL,Payroll 10/01/2014-10/31/2014,PR                                               
1202,2,0,10312014,235900,PR,0001025.09-,PAYROL,Payroll 10/01/2014-10/31/2014,PR                                               
1202,5,0,10312014,235900,PR,0000497.52-,PAYROL,Payroll 10/01/2014-10/31/2014,PR                                               
1202,5,0,10312014,235900,PR,0000482.40-,PAYROL,Payroll 10/01/2014-10/31/2014,PR                                               
1202,5,0,10312014,235900,PR,0000479.28-,PAYROL,Payroll 10/01/2014-10/31/2014,PR                                               
1202,5,0,10312014,235900,PR,0000479.28-,PAYROL,Payroll 10/01/2014-10/31/2014,PR                                               
1202,5,0,10312014,235900,PR,0000479.28-,PAYROL,Payroll 10/01/2014-10/31/2014,PR                                               
1202,6,0,10312014,235900,PR,0000397.98-,PAYROL,Payroll 10/01/2014-10/31/2014,PR                                               
1202,6,0,10312014,235900,PR,0000394.20-,PAYROL,Payroll 10/01/2014-10/31/2014,PR                                               
1202,6,0,10312014,235900,PR,0000394.20-,PAYROL,Payroll 10/01/2014-10/31/2014,PR                                               
1202,6,0,10312014,235900,PR,0000394.20-,PAYROL,Payroll 10/01/2014-10/31/2014,PR                                               
1202,6,0,10312014,235900,PR,0000394.20-,PAYROL,Payroll 10/01/2014-10/31/2014,PR                                               
1202,7,0,10312014,235900,PR,0001193.00-,PAYROL,Payroll 10/01/2014-10/31/2014,PR                                               
1202,7,0,10312014,235900,PR,0001193.00-,PAYROL,Payroll 10/01/2014-10/31/2014,PR                                               
1202,7,0,10312014,235900,PR,0001178.00-,PAYROL,Payroll 10/01/2014-10/31/2014,PR                                               
1202,7,0,10312014,235900,PR,0001178.00-,PAYROL,Payroll 10/01/2014-10/31/2014,PR                                               
1202,7,0,10312014,235900,PR,0001178.00-,PAYROL,Payroll 10/01/2014-10/31/2014,PR                                               
1205,0,0,10312014,235900,PR,0000068.50-,PAYROL,Payroll 10/01/2014-10/31/2014,PR                                               
1205,0,0,10312014,235900,PR,0000068.50-,PAYROL,Payroll 10/01/2014-10/31/2014,PR                                               
1205,0,0,10312014,235900,PR,0000068.50-,PAYROL,Payroll 10/01/2014-10/31/2014,PR                                               
1205,0,0,10312014,235900,PR,0000068.50-,PAYROL,Payroll 10/01/2014-10/31/2014,PR                                               
1205,0,0,10312014,235900,PR,0000068.50-,PAYROL,Payroll 10/01/2014-10/31/2014,PR                                               
1205,100,0,10312014,235900,PR,0000000.50-,PAYROL,Payroll 10/01/2014-10/31/2014,PR                                               
1205,100,0,10312014,235900,PR,0000000.50-,PAYROL,Payroll 10/01/2014-10/31/2014,PR                                               
1205,100,0,10312014,235900,PR,0000000.50-,PAYROL,Payroll 10/01/2014-10/31/2014,PR                                               
1205,100,0,10312014,235900,PR,0000000.50-,PAYROL,Payroll 10/01/2014-10/31/2014,PR                                               
1205,100,0,10312014,235900,PR,0000000.50-,PAYROL,Payroll 10/01/2014-10/31/2014,PR                                               
1206,0,0,10312014,235900,PR,0001443.93-,PAYROL,Payroll 10/01/2014-10/31/2014,PR                                               
1206,0,0,10312014,235900,PR,0001417.93-,PAYROL,Payroll 10/01/2014-10/31/2014,PR                                               
1206,0,0,10312014,235900,PR,0001417.93-,PAYROL,Payroll 10/01/2014-10/31/2014,PR                                               
1206,0,0,10312014,235900,PR,0001417.93-,PAYROL,Payroll 10/01/2014-10/31/2014,PR                                               
1206,0,0,10312014,235900,PR,0001417.93-,PAYROL,Payroll 10/01/2014-10/31/2014,PR                                               
2209,0,0,10312014,235900,PR,941.6,PAYROL,Payroll 10/01/2014-10/31/2014,PR                                               
2209,0,0,10312014,235900,PR,266.8,PAYROL,Payroll 10/01/2014-10/31/2014,PR                                               
2209,0,0,10312014,235900,PR,200,PAYROL,Payroll 10/01/2014-10/31/2014,PR                                               
2209,0,0,10312014,235900,PR,113.6,PAYROL,Payroll 10/01/2014-10/31/2014,PR                                               
2209,0,0,10312014,235900,PR,375,PAYROL,Payroll 10/01/2014-10/31/2014,PR                                               
2209,11,0,10312014,235900,PR,48,PAYROL,Payroll 10/01/2014-10/31/2014,PR                                               
2209,13,0,10312014,235900,PR,65.2,PAYROL,Payroll 10/01/2014-10/31/2014,PR                                               
2209,22,0,10312014,235900,PR,458,PAYROL,Payroll 10/01/2014-10/31/2014,PR                                               
2209,22,0,10312014,235900,PR,306.4,PAYROL,Payroll 10/01/2014-10/31/2014,PR                                               
2209,22,0,10312014,235900,PR,122.8,PAYROL,Payroll 10/01/2014-10/31/2014,PR                                               
2209,22,0,10312014,235900,PR,1178,PAYROL,Payroll 10/01/2014-10/31/2014,PR                                               
2209,22,0,10312014,235900,PR,511,PAYROL,Payroll 10/01/2014-10/31/2014,PR                                               
2209,25,0,10312014,235900,PR,289.6,PAYROL,Payroll 10/01/2014-10/31/2014,PR                                               
2209,28,0,10312014,235900,PR,914.4,PAYROL,Payroll 10/01/2014-10/31/2014,PR                                               
2209,28,0,10312014,235900,PR,626,PAYROL,Payroll 10/01/2014-10/31/2014,PR                                               
2209,28,0,10312014,235900,PR,233.2,PAYROL,Payroll 10/01/2014-10/31/2014,PR                                               
2209,28,0,10312014,235900,PR,137.4,PAYROL,Payroll 10/01/2014-10/31/2014,PR                                               
2209,37,0,10312014,235900,PR,431.2,PAYROL,Payroll 10/01/2014-10/31/2014,PR                                               
2209,37,0,10312014,235900,PR,1518.4,PAYROL,Payroll 10/01/2014-10/31/2014,PR                                               
2209,37,0,10312014,235900,PR,328.8,PAYROL,Payroll 10/01/2014-10/31/2014,PR                                               
2209,37,0,10312014,235900,PR,344,PAYROL,Payroll 10/01/2014-10/31/2014,PR                                               
2209,100,0,10312014,235900,PR,660,PAYROL,Payroll 10/01/2014-10/31/2014,PR                                               
2209,100,0,10312014,235900,PR,116,PAYROL,Payroll 10/01/2014-10/31/2014,PR                                               
2209,125,0,10312014,235900,PR,144.8,PAYROL,Payroll 10/01/2014-10/31/2014,PR                                               
2209,125,0,10312014,235900,PR,230.8,PAYROL,Payroll 10/01/2014-10/31/2014,PR                                               
2209,125,0,10312014,235900,PR,70.6,PAYROL,Payroll 10/01/2014-10/31/2014,PR                                               
2209,128,0,10312014,235900,PR,101.2,PAYROL,Payroll 10/01/2014-10/31/2014,PR                                               
2209,137,0,10312014,235900,PR,190.8,PAYROL,Payroll 10/01/2014-10/31/2014,PR                                               
2209,137,0,10312014,235900,PR,159.44,PAYROL,Payroll 10/01/2014-10/31/2014,PR                                               
2209,200,0,10312014,235900,PR,128,PAYROL,Payroll 10/01/2014-10/31/2014,PR                                               
2209,225,0,10312014,235900,PR,88,PAYROL,Payroll 10/01/2014-10/31/2014,PR                                               
2209,225,0,10312014,235900,PR,114,PAYROL,Payroll 10/01/2014-10/31/2014,PR                                               
2209,225,0,10312014,235900,PR,88,PAYROL,Payroll 10/01/2014-10/31/2014,PR                                               
2209,228,0,10312014,235900,PR,72,PAYROL,Payroll 10/01/2014-10/31/2014,PR                                               
2209,228,0,10312014,235900,PR,72,PAYROL,Payroll 10/01/2014-10/31/2014,PR                                               
2209,228,0,10312014,235900,PR,144,PAYROL,Payroll 10/01/2014-10/31/2014,PR                                               
2209,228,0,10312014,235900,PR,72,PAYROL,Payroll 10/01/2014-10/31/2014,PR                                               
2209,237,0,10312014,235900,PR,87.8,PAYROL,Payroll 10/01/2014-10/31/2014,PR                                               
2212,0,0,10312014,235900,PR,0004959.64-,PAYROL,Payroll 10/01/2014-10/31/2014,PR                                               
2212,0,0,10312014,235900,PR,0004850.98-,PAYROL,Payroll 10/01/2014-10/31/2014,PR                                               
2212,0,0,10312014,235900,PR,0004838.28-,PAYROL,Payroll 10/01/2014-10/31/2014,PR                                               
2212,0,0,10312014,235900,PR,0005105.41-,PAYROL,Payroll 10/01/2014-10/31/2014,PR                                               
2212,0,0,10312014,235900,PR,0005072.27-,PAYROL,Payroll 10/01/2014-10/31/2014,PR                                               
2300,100,0,10312014,235900,PR,0000016.92-,PAYROL,Payroll 10/01/2014-10/31/2014,PR                                               
2300,100,0,10312014,235900,PR,0000013.52-,PAYROL,Payroll 10/01/2014-10/31/2014,PR                                               
2300,100,0,10312014,235900,PR,0000016.92-,PAYROL,Payroll 10/01/2014-10/31/2014,PR                                               
2300,100,0,10312014,235900,PR,0000010.92-,PAYROL,Payroll 10/01/2014-10/31/2014,PR                                               
2300,100,0,10312014,235900,PR,0000019.42-,PAYROL,Payroll 10/01/2014-10/31/2014,PR                                               
2300,101,0,10312014,235900,PR,0000003.61-,PAYROL,Payroll 10/01/2014-10/31/2014,PR                                               
2300,101,0,10312014,235900,PR,0000003.61-,PAYROL,Payroll 10/01/2014-10/31/2014,PR                                               
2300,101,0,10312014,235900,PR,0000002.64-,PAYROL,Payroll 10/01/2014-10/31/2014,PR                                               
2300,101,0,10312014,235900,PR,0000003.41-,PAYROL,Payroll 10/01/2014-10/31/2014,PR                                               
2300,101,0,10312014,235900,PR,0000004.61-,PAYROL,Payroll 10/01/2014-10/31/2014,PR                                               
2300,102,0,10312014,235900,PR,0000003.93-,PAYROL,Payroll 10/01/2014-10/31/2014,PR                                               
2300,102,0,10312014,235900,PR,0000005.84-,PAYROL,Payroll 10/01/2014-10/31/2014,PR                                               
2300,102,0,10312014,235900,PR,0000005.84-,PAYROL,Payroll 10/01/2014-10/31/2014,PR                                               
2300,102,0,10312014,235900,PR,0000007.27-,PAYROL,Payroll 10/01/2014-10/31/2014,PR                                               
2300,102,0,10312014,235900,PR,0000007.68-,PAYROL,Payroll 10/01/2014-10/31/2014,PR                                               
2300,103,0,10312014,235900,PR,0000025.04-,PAYROL,Payroll 10/01/2014-10/31/2014,PR                                               
2300,103,0,10312014,235900,PR,0000022.65-,PAYROL,Payroll 10/01/2014-10/31/2014,PR                                               
2300,103,0,10312014,235900,PR,0000021.58-,PAYROL,Payroll 10/01/2014-10/31/2014,PR                                               
2300,103,0,10312014,235900,PR,0000024.80-,PAYROL,Payroll 10/01/2014-10/31/2014,PR                                               
2300,103,0,10312014,235900,PR,0000026.58-,PAYROL,Payroll 10/01/2014-10/31/2014,PR                                               
2300,105,0,10312014,235900,PR,0000007.15-,PAYROL,Payroll 10/01/2014-10/31/2014,PR                                               
2300,107,0,10312014,235900,PR,0000016.23-,PAYROL,Payroll 10/01/2014-10/31/2014,PR                                               
2300,107,0,10312014,235900,PR,0000016.77-,PAYROL,Payroll 10/01/2014-10/31/2014,PR                                               
2300,107,0,10312014,235900,PR,0000018.75-,PAYROL,Payroll 10/01/2014-10/31/2014,PR                                               
2300,107,0,10312014,235900,PR,0000018.75-,PAYROL,Payroll 10/01/2014-10/31/2014,PR                                               
2300,107,0,10312014,235900,PR,0000022.55-,PAYROL,Payroll 10/01/2014-10/31/2014,PR                                               
2300,108,0,10312014,235900,PR,0000051.58-,PAYROL,Payroll 10/01/2014-10/31/2014,PR                                               
2300,108,0,10312014,235900,PR,0000046.82-,PAYROL,Payroll 10/01/2014-10/31/2014,PR                                               
2300,108,0,10312014,235900,PR,0000047.30-,PAYROL,Payroll 10/01/2014-10/31/2014,PR                                               
2300,108,0,10312014,235900,PR,0000051.62-,PAYROL,Payroll 10/01/2014-10/31/2014,PR                                               
2300,108,0,10312014,235900,PR,0000056.60-,PAYROL,Payroll 10/01/2014-10/31/2014,PR                                               
2301,0,0,10312014,235900,PR,0012704.05-,PAYROL,Payroll 10/01/2014-10/31/2014,PR                                               
2301,0,0,10312014,235900,PR,0012590.45-,PAYROL,Payroll 10/01/2014-10/31/2014,PR                                               
2301,0,0,10312014,235900,PR,0012535.24-,PAYROL,Payroll 10/01/2014-10/31/2014,PR                                               
2301,0,0,10312014,235900,PR,0013198.27-,PAYROL,Payroll 10/01/2014-10/31/2014,PR                                               
2301,0,0,10312014,235900,PR,0013178.03-,PAYROL,Payroll 10/01/2014-10/31/2014,PR                                               
2302,0,0,10312014,235900,PR,0012704.05-,PAYROL,Payroll 10/01/2014-10/31/2014,PR                                               
2302,0,0,10312014,235900,PR,0012590.45-,PAYROL,Payroll 10/01/2014-10/31/2014,PR                                               
2302,0,0,10312014,235900,PR,0012535.24-,PAYROL,Payroll 10/01/2014-10/31/2014,PR                                               
2302,0,0,10312014,235900,PR,0013198.27-,PAYROL,Payroll 10/01/2014-10/31/2014,PR                                               
2302,0,0,10312014,235900,PR,0013178.03-,PAYROL,Payroll 10/01/2014-10/31/2014,PR                                               
2303,0,0,10312014,235900,PR,0018851.96-,PAYROL,Payroll 10/01/2014-10/31/2014,PR                                               
2303,0,0,10312014,235900,PR,0018568.71-,PAYROL,Payroll 10/01/2014-10/31/2014,PR                                               
2303,0,0,10312014,235900,PR,0018426.39-,PAYROL,Payroll 10/01/2014-10/31/2014,PR                                               
2303,0,0,10312014,235900,PR,0019969.17-,PAYROL,Payroll 10/01/2014-10/31/2014,PR                                               
2303,0,0,10312014,235900,PR,0019809.47-,PAYROL,Payroll 10/01/2014-10/31/2014,PR                                               
2304,0,0,10312014,235900,PR,0003730.51-,PAYROL,Payroll 10/01/2014-10/31/2014,PR                                               
2304,0,0,10312014,235900,PR,0003608.48-,PAYROL,Payroll 10/01/2014-10/31/2014,PR                                               
2304,0,0,10312014,235900,PR,0003666.81-,PAYROL,Payroll 10/01/2014-10/31/2014,PR                                               
2304,0,0,10312014,235900,PR,0003874.27-,PAYROL,Payroll 10/01/2014-10/31/2014,PR                                               
2304,0,0,10312014,235900,PR,0003857.08-,PAYROL,Payroll 10/01/2014-10/31/2014,PR                                               
2305,0,0,10312014,235900,PR,0002030.48-,PAYROL,Payroll 10/01/2014-10/31/2014,PR                                               
2305,0,0,10312014,235900,PR,0001989.02-,PAYROL,Payroll 10/01/2014-10/31/2014,PR                                               
2305,0,0,10312014,235900,PR,0001957.80-,PAYROL,Payroll 10/01/2014-10/31/2014,PR                                               
2305,0,0,10312014,235900,PR,0002012.82-,PAYROL,Payroll 10/01/2014-10/31/2014,PR                                               
2305,0,0,10312014,235900,PR,0001999.71-,PAYROL,Payroll 10/01/2014-10/31/2014,PR                                               
2305,1,0,10312014,235900,PR,0000273.73-,PAYROL,Payroll 10/01/2014-10/31/2014,PR                                               
2305,1,0,10312014,235900,PR,0000298.77-,PAYROL,Payroll 10/01/2014-10/31/2014,PR                                               
2305,1,0,10312014,235900,PR,0000292.75-,PAYROL,Payroll 10/01/2014-10/31/2014,PR                                               
2305,1,0,10312014,235900,PR,0000310.35-,PAYROL,Payroll 10/01/2014-10/31/2014,PR                                               
2305,1,0,10312014,235900,PR,0000315.72-,PAYROL,Payroll 10/01/2014-10/31/2014,PR                                               
2305,100,0,10312014,235900,PR,0000223.11-,PAYROL,Payroll 10/01/2014-10/31/2014,PR                                               
2305,100,0,10312014,235900,PR,0000203.19-,PAYROL,Payroll 10/01/2014-10/31/2014,PR                                               
2305,100,0,10312014,235900,PR,0000231.70-,PAYROL,Payroll 10/01/2014-10/31/2014,PR                                               
2305,100,0,10312014,235900,PR,0000251.52-,PAYROL,Payroll 10/01/2014-10/31/2014,PR                                               
2305,100,0,10312014,235900,PR,0000251.27-,PAYROL,Payroll 10/01/2014-10/31/2014,PR                                               
2305,101,0,10312014,235900,PR,0000011.07-,PAYROL,Payroll 10/01/2014-10/31/2014,PR                                               
2305,101,0,10312014,235900,PR,0000006.42-,PAYROL,Payroll 10/01/2014-10/31/2014,PR                                               
2305,101,0,10312014,235900,PR,0000011.07-,PAYROL,Payroll 10/01/2014-10/31/2014,PR                                               
2305,101,0,10312014,235900,PR,0000011.07-,PAYROL,Payroll 10/01/2014-10/31/2014,PR                                               
2305,101,0,10312014,235900,PR,0000011.07-,PAYROL,Payroll 10/01/2014-10/31/2014,PR                                               
2305,102,0,10312014,235900,PR,0000007.87-,PAYROL,Payroll 10/01/2014-10/31/2014,PR                                               
2305,102,0,10312014,235900,PR,0000011.68-,PAYROL,Payroll 10/01/2014-10/31/2014,PR                                               
2305,102,0,10312014,235900,PR,0000011.68-,PAYROL,Payroll 10/01/2014-10/31/2014,PR                                               
2305,102,0,10312014,235900,PR,0000014.54-,PAYROL,Payroll 10/01/2014-10/31/2014,PR                                               
2305,102,0,10312014,235900,PR,0000015.37-,PAYROL,Payroll 10/01/2014-10/31/2014,PR                                               
2305,103,0,10312014,235900,PR,0000003.98-,PAYROL,Payroll 10/01/2014-10/31/2014,PR                                               
2305,103,0,10312014,235900,PR,0000003.71-,PAYROL,Payroll 10/01/2014-10/31/2014,PR                                               
2305,103,0,10312014,235900,PR,0000003.26-,PAYROL,Payroll 10/01/2014-10/31/2014,PR                                               
2305,103,0,10312014,235900,PR,0000003.25-,PAYROL,Payroll 10/01/2014-10/31/2014,PR                                               
2305,103,0,10312014,235900,PR,0000003.94-,PAYROL,Payroll 10/01/2014-10/31/2014,PR                                               
2305,104,0,10312014,235900,PR,0000009.00-,PAYROL,Payroll 10/01/2014-10/31/2014,PR                                               
2305,104,0,10312014,235900,PR,0000007.29-,PAYROL,Payroll 10/01/2014-10/31/2014,PR                                               
2305,104,0,10312014,235900,PR,0000009.00-,PAYROL,Payroll 10/01/2014-10/31/2014,PR                                               
2305,104,0,10312014,235900,PR,0000009.00-,PAYROL,Payroll 10/01/2014-10/31/2014,PR                                               
2305,104,0,10312014,235900,PR,0000009.00-,PAYROL,Payroll 10/01/2014-10/31/2014,PR                                               
2305,105,0,10312014,235900,PR,0000033.94-,PAYROL,Payroll 10/01/2014-10/31/2014,PR                                               
2305,105,0,10312014,235900,PR,0000027.38-,PAYROL,Payroll 10/01/2014-10/31/2014,PR                                               
2305,105,0,10312014,235900,PR,0000029.36-,PAYROL,Payroll 10/01/2014-10/31/2014,PR                                               
2305,105,0,10312014,235900,PR,0000028.86-,PAYROL,Payroll 10/01/2014-10/31/2014,PR                                               
2305,105,0,10312014,235900,PR,0000034.36-,PAYROL,Payroll 10/01/2014-10/31/2014,PR                                               
2305,106,0,10312014,235900,PR,0000009.35-,PAYROL,Payroll 10/01/2014-10/31/2014,PR                                               
2305,106,0,10312014,235900,PR,0000008.56-,PAYROL,Payroll 10/01/2014-10/31/2014,PR                                               
2305,106,0,10312014,235900,PR,0000010.68-,PAYROL,Payroll 10/01/2014-10/31/2014,PR                                               
2305,106,0,10312014,235900,PR,0000010.15-,PAYROL,Payroll 10/01/2014-10/31/2014,PR                                               
2305,106,0,10312014,235900,PR,0000009.78-,PAYROL,Payroll 10/01/2014-10/31/2014,PR                                               
2305,108,0,10312014,235900,PR,0000006.82-,PAYROL,Payroll 10/01/2014-10/31/2014,PR                                               
2305,108,0,10312014,235900,PR,0000005.53-,PAYROL,Payroll 10/01/2014-10/31/2014,PR                                               
2305,108,0,10312014,235900,PR,0000006.82-,PAYROL,Payroll 10/01/2014-10/31/2014,PR                                               
2305,108,0,10312014,235900,PR,0000006.19-,PAYROL,Payroll 10/01/2014-10/31/2014,PR                                               
2305,108,0,10312014,235900,PR,0000008.82-,PAYROL,Payroll 10/01/2014-10/31/2014,PR                                               
2305,109,0,10312014,235900,PR,0000007.23-,PAYROL,Payroll 10/01/2014-10/31/2014,PR                                               
2305,109,0,10312014,235900,PR,0000007.23-,PAYROL,Payroll 10/01/2014-10/31/2014,PR                                               
2305,109,0,10312014,235900,PR,0000005.28-,PAYROL,Payroll 10/01/2014-10/31/2014,PR                                               
2305,109,0,10312014,235900,PR,0000006.81-,PAYROL,Payroll 10/01/2014-10/31/2014,PR                                               
2305,109,0,10312014,235900,PR,0000009.23-,PAYROL,Payroll 10/01/2014-10/31/2014,PR                                               
2305,110,0,10312014,235900,PR,0000007.37-,PAYROL,Payroll 10/01/2014-10/31/2014,PR                                               
2305,110,0,10312014,235900,PR,0000006.23-,PAYROL,Payroll 10/01/2014-10/31/2014,PR                                               
2305,110,0,10312014,235900,PR,0000007.37-,PAYROL,Payroll 10/01/2014-10/31/2014,PR                                               
2305,110,0,10312014,235900,PR,0000007.75-,PAYROL,Payroll 10/01/2014-10/31/2014,PR                                               
2305,110,0,10312014,235900,PR,0000007.37-,PAYROL,Payroll 10/01/2014-10/31/2014,PR                                               
2306,0,0,10312014,235900,PR,0000085.34-,PAYROL,Payroll 10/01/2014-10/31/2014,PR                                               
2306,0,0,10312014,235900,PR,0000097.25-,PAYROL,Payroll 10/01/2014-10/31/2014,PR                                               
2306,0,0,10312014,235900,PR,0000107.86-,PAYROL,Payroll 10/01/2014-10/31/2014,PR                                               
2306,0,0,10312014,235900,PR,0000112.48-,PAYROL,Payroll 10/01/2014-10/31/2014,PR                                               
2306,0,0,10312014,235900,PR,0000106.83-,PAYROL,Payroll 10/01/2014-10/31/2014,PR                                               
2306,200,0,10312014,235900,PR,0000039.88-,PAYROL,Payroll 10/01/2014-10/31/2014,PR                                               
2306,200,0,10312014,235900,PR,0000031.90-,PAYROL,Payroll 10/01/2014-10/31/2014,PR                                               
2306,200,0,10312014,235900,PR,0000040.55-,PAYROL,Payroll 10/01/2014-10/31/2014,PR                                               
2306,200,0,10312014,235900,PR,0000043.94-,PAYROL,Payroll 10/01/2014-10/31/2014,PR                                               
2306,200,0,10312014,235900,PR,0000044.31-,PAYROL,Payroll 10/01/2014-10/31/2014,PR                                               
2307,0,0,10312014,235900,PR,0000106.99-,PAYROL,Payroll 10/01/2014-10/31/2014,PR                                               
2307,0,0,10312014,235900,PR,0000107.91-,PAYROL,Payroll 10/01/2014-10/31/2014,PR                                               
2307,0,0,10312014,235900,PR,0000119.70-,PAYROL,Payroll 10/01/2014-10/31/2014,PR                                               
2307,0,0,10312014,235900,PR,0000125.61-,PAYROL,Payroll 10/01/2014-10/31/2014,PR                                               
2307,0,0,10312014,235900,PR,0000102.55-,PAYROL,Payroll 10/01/2014-10/31/2014,PR                                               
2403,0,0,10312014,235900,PR,0117460.30-,PAYROL,Payroll 10/01/2014-10/31/2014,PR                                               
2403,0,0,10312014,235900,PR,0116738.16-,PAYROL,Payroll 10/01/2014-10/31/2014,PR                                               
2403,0,0,10312014,235900,PR,0116126.26-,PAYROL,Payroll 10/01/2014-10/31/2014,PR                                               
2403,0,0,10312014,235900,PR,0122088.88-,PAYROL,Payroll 10/01/2014-10/31/2014,PR                                               
2403,0,0,10312014,235900,PR,0121787.81-,PAYROL,Payroll 10/01/2014-10/31/2014,PR                                               
